{
  "muy_conservador": {
    "tamano_buffer": 50000.0,
    "tamano_batch": 256.0,
    "pasos_warmup": 1000.0,
    "gamma": 0.99,
    "lr_alpha": 0.0001,
    "reward_scale": 20.0,
    "target_entropy": -8.0,
    "riesgo": 0.1,
    "tau": 0.05,
    "lr_actor": 0.0003,
    "lr_criticos": 0.0003,
    "lambda_varianza": 0.55,
    "lambda_correlacion": 0.1,
    "_val_sharpe": 0.6952682756922676,
    "_val_cagr": 0.015462785162265291,
    "_val_max_drawdown": -0.01140837118110094,
    "_val_score": 0.9952539296179346
  },
  "conservador": {
    "tamano_buffer": 50000.0,
    "tamano_batch": 256.0,
    "pasos_warmup": 1000.0,
    "gamma": 0.99,
    "lr_alpha": 0.0001,
    "reward_scale": 20.0,
    "target_entropy": -8.0,
    "riesgo": 0.3,
    "tau": 0.05,
    "lr_actor": 0.0003,
    "lr_criticos": 0.0003,
    "lambda_varianza": 0.35,
    "lambda_correlacion": 0.1,
    "_val_sharpe": 0.9725412764032134,
    "_val_cagr": 0.026237764292154298,
    "_val_max_drawdown": -0.014156294272007486,
    "_val_score": 0.9900570484983217
  },
  "normal": {
    "tamano_buffer": 50000.0,
    "tamano_batch": 256.0,
    "pasos_warmup": 1000.0,
    "gamma": 0.99,
    "lr_alpha": 0.0001,
    "reward_scale": 20.0,
    "target_entropy": -8.0,
    "riesgo": 0.5,
    "tau": 0.02,
    "lr_actor": 0.0003,
    "lr_criticos": 0.0003,
    "lambda_varianza": 0.15,
    "lambda_correlacion": 0.1,
    "_val_sharpe": 0.8873705725873701,
    "_val_cagr": 0.09328167420444289,
    "_val_max_drawdown": -0.10411582095795902,
    "_val_score": 0.9418199328601365
  },
  "arriesgado": {
    "tamano_buffer": 50000.0,
    "tamano_batch": 256.0,
    "pasos_warmup": 1000.0,
    "gamma": 0.99,
    "lr_alpha": 0.0001,
    "reward_scale": 20.0,
    "target_entropy": -8.0,
    "riesgo": 0.7,
    "tau": 0.02,
    "lr_actor": 0.0001,
    "lr_criticos": 0.0003,
    "lambda_varianza": 0.18,
    "lambda_correlacion": 0.05,
    "_val_sharpe": 0.7339666070074525,
    "_val_cagr": 0.11016936452635484,
    "_val_max_drawdown": -0.15426605584809772,
    "_val_score": 1.0
  },
  "muy_arriesgado": {
    "tamano_buffer": 50000.0,
    "tamano_batch": 256.0,
    "pasos_warmup": 1000.0,
    "gamma": 0.99,
    "lr_alpha": 0.0001,
    "reward_scale": 20.0,
    "target_entropy": -8.0,
    "riesgo": 0.9,
    "tau": 0.02,
    "lr_actor": 0.0001,
    "lr_criticos": 0.0003,
    "lambda_varianza": 0.05,
    "lambda_correlacion": 0.02,
    "_val_sharpe": 0.8150765195177232,
    "_val_cagr": 0.16868047405210573,
    "_val_max_drawdown": -0.29827181714940465,
    "_val_score": 1.0
  }
}