{
  "total_val_test": {
    "muy_conservador": {
      "valor_final": 1220.9650006987633,
      "retorno_total": 0.2198044388164917,
      "cagr": 0.02508625391733732,
      "volatilidad_anual": 0.012205841524468018,
      "sharpe": -0.008962190955663167,
      "sortino": 1.1816721256245435,
      "max_drawdown": -0.032890564447131676,
      "calmar": 0.7627188629632972
    },
    "conservador": {
      "valor_final": 1318.282965628361,
      "retorno_total": 0.3172658611711028,
      "cagr": 0.034959383026537116,
      "volatilidad_anual": 0.01260743495439196,
      "sharpe": 0.7585292725707701,
      "sortino": 5.022497223066352,
      "max_drawdown": -0.014156294272007375,
      "calmar": 2.469529267674643
    },
    "normal": {
      "valor_final": 1284.9753987142367,
      "retorno_total": 0.28591203584416314,
      "cagr": 0.031854994107606505,
      "volatilidad_anual": 0.10925686607780545,
      "sharpe": 0.11292415481370088,
      "sortino": 0.36896264541283896,
      "max_drawdown": -0.21373076275634928,
      "calmar": 0.14904262585690975
    },
    "arriesgado": {
      "valor_final": 1986.6132575708302,
      "retorno_total": 0.968805221649885,
      "cagr": 0.08814595954242188,
      "volatilidad_anual": 0.12104827252848273,
      "sharpe": 0.5511590117022912,
      "sortino": 1.1108276446062149,
      "max_drawdown": -0.17293790565764144,
      "calmar": 0.5096971609967399
    },
    "muy_arriesgado": {
      "valor_final": 2064.769841153639,
      "retorno_total": 1.0364384790623253,
      "cagr": 0.09273870088308978,
      "volatilidad_anual": 0.18601231507863125,
      "sharpe": 0.43671627840439803,
      "sortino": 0.7334464699178411,
      "max_drawdown": -0.3697057935289859,
      "calmar": 0.250844597261684
    }
  },
  "solo_validation": {
    "muy_conservador": {
      "valor_final": 1064.303196598028,
      "retorno_total": 0.063291546206375,
      "cagr": 0.015460630073104387,
      "volatilidad_anual": 0.006837287528259414,
      "sharpe": 0.6949649294088508,
      "sortino": 2.344778376900583,
      "max_drawdown": -0.011408371181101051,
      "calmar": 1.3552004775858144
    },
    "conservador": {
      "valor_final": 1110.008275812453,
      "retorno_total": 0.1091518630434507,
      "cagr": 0.026237199862278127,
      "volatilidad_anual": 0.015737295812753436,
      "sharpe": 0.9725065573326139,
      "sortino": 3.4168960199691933,
      "max_drawdown": -0.014156294272007375,
      "calmar": 1.853394635498607
    },
    "normal": {
      "valor_final": 1427.6901066368819,
      "retorno_total": 0.42873077057896425,
      "cagr": 0.09329559818920341,
      "volatilidad_anual": 0.0933004938083851,
      "sharpe": 0.887508987661249,
      "sortino": 0.998766142652,
      "max_drawdown": -0.10411582095795902,
      "calmar": 0.8960751337385631
    },
    "arriesgado": {
      "valor_final": 1533.237795492439,
      "retorno_total": 0.5194938251280881,
      "cagr": 0.11026010577843715,
      "volatilidad_anual": 0.14100414564112562,
      "sharpe": 0.7345724896572836,
      "sortino": 1.0998657589647765,
      "max_drawdown": -0.15426605540962435,
      "calmar": 0.7147399049367165
    },
    "muy_arriesgado": {
      "valor_final": 1895.5179174823254,
      "retorno_total": 0.8695089147351913,
      "cagr": 0.16931598072188492,
      "volatilidad_anual": 0.20422038575313273,
      "sharpe": 0.8179302118341975,
      "sortino": 0.9685149951443827,
      "max_drawdown": -0.2982718005432029,
      "calmar": 0.567656682306313
    }
  },
  "solo_test": {
    "muy_conservador": {
      "valor_final": 1220.9650006987633,
      "retorno_total": 0.14765645144458106,
      "cagr": 0.03503008993611623,
      "volatilidad_anual": 0.015776563994414804,
      "sharpe": -0.3157052181836136,
      "sortino": 0.9992192092917754,
      "max_drawdown": -0.03227989773726436,
      "calmar": 1.0851982934158122
    },
    "conservador": {
      "valor_final": 1318.282965628361,
      "retorno_total": 0.18798442190773912,
      "cagr": 0.04400525919989562,
      "volatilidad_anual": 0.00828947670801322,
      "sharpe": 0.4688601429924814,
      "sortino": 7.696455849990336,
      "max_drawdown": -0.006822370834191904,
      "calmar": 6.4501417863938135
    },
    "normal": {
      "valor_final": 1284.9753987142367,
      "retorno_total": -0.09936813331444483,
      "cagr": -0.025825342865402612,
      "volatilidad_anual": 0.12313503826366955,
      "sharpe": -0.47201004149204756,
      "sortino": -0.18108557575640802,
      "max_drawdown": -0.21286129999175507,
      "calmar": -0.12132474464077278
    },
    "arriesgado": {
      "valor_final": 1986.6132575708302,
      "retorno_total": 0.3038666337299829,
      "cagr": 0.06858307921654871,
      "volatilidad_anual": 0.09762416609095846,
      "sharpe": 0.32549655487740015,
      "sortino": 1.2597032002257604,
      "max_drawdown": -0.1533912644436355,
      "calmar": 0.44711202730680905
    },
    "muy_arriesgado": {
      "valor_final": 2064.769841153639,
      "retorno_total": 0.1294295786597226,
      "cagr": 0.03089584526074729,
      "volatilidad_anual": 0.16523071558592656,
      "sharpe": 0.02825916761625825,
      "sortino": 0.42086163924886943,
      "max_drawdown": -0.32330343314709087,
      "calmar": 0.0955629977696242
    }
  }
}