{
  "muy_conservador": {
    "valor_final": 1161.4079728784586,
    "retorno_total": 0.16210560341214197,
    "cagr": 0.038272613569737324,
    "volatilidad_anual": 0.0101242070282753,
    "sharpe": -0.18023175523346918,
    "sortino": 2.4540378315392855,
    "max_drawdown": -0.011835290341675186,
    "calmar": 3.2337705679234023
  },
  "conservador": {
    "valor_final": 1167.0057642744512,
    "retorno_total": 0.16742312675603888,
    "cagr": 0.03945830410276696,
    "volatilidad_anual": 0.007504449776713696,
    "sharpe": -0.09295489279933308,
    "sortino": 4.472959041445139,
    "max_drawdown": -0.012084080135773334,
    "calmar": 3.265313011782819
  },
  "normal": {
    "valor_final": 1192.8157858191444,
    "retorno_total": 0.20354373525854763,
    "cagr": 0.04740699303779827,
    "volatilidad_anual": 0.06846451510449095,
    "sharpe": 0.13612856337614276,
    "sortino": 0.8471684887933773,
    "max_drawdown": -0.11347302810319959,
    "calmar": 0.4177820388707997
  },
  "arriesgado": {
    "valor_final": 959.5252557053838,
    "retorno_total": -0.023048654333014618,
    "cagr": -0.005812647788918657,
    "volatilidad_anual": 0.11373296649439882,
    "sharpe": -0.3408944341782748,
    "sortino": 0.007085016272605046,
    "max_drawdown": -0.3092623283489777,
    "calmar": -0.01879520153634603
  },
  "muy_arriesgado": {
    "valor_final": 1079.6141039242023,
    "retorno_total": 0.0931984866905824,
    "cagr": 0.022526931736326583,
    "volatilidad_anual": 0.1416211849217174,
    "sharpe": -0.05067649580519593,
    "sortino": 0.3458103098642238,
    "max_drawdown": -0.251383067228945,
    "calmar": 0.089611969432334
  }
}