{
  "muy_conservador": {
    "valor_final": 1186.5197062997229,
    "retorno_total": 0.18373565263865088,
    "cagr": 0.05783575644188055,
    "volatilidad_anual": 0.011283537812683422,
    "sharpe": 0.9401185423715889,
    "sortino": 8.730911780275656,
    "max_drawdown": -0.0032326592622274886,
    "calmar": 17.891077206209594
  },
  "conservador": {
    "valor_final": 1164.5670208444797,
    "retorno_total": 0.16217390574218538,
    "cagr": 0.05137353299570169,
    "volatilidad_anual": 0.004846353577035228,
    "sharpe": 0.9268657876386369,
    "sortino": 10.79692780949065,
    "max_drawdown": -0.002217445914208027,
    "calmar": 23.167885478753615
  },
  "normal": {
    "valor_final": 1377.6859517265507,
    "retorno_total": 0.3717880439159016,
    "cagr": 0.11112351245961949,
    "volatilidad_anual": 0.09366929558391707,
    "sharpe": 0.6850114448404618,
    "sortino": 1.5358600336888433,
    "max_drawdown": -0.074947138006219,
    "calmar": 1.4826918734428343
  },
  "arriesgado": {
    "valor_final": 1418.433444391615,
    "retorno_total": 0.3573397523409263,
    "cagr": 0.10720878458048455,
    "volatilidad_anual": 0.0792900366730661,
    "sharpe": 0.7479575116313324,
    "sortino": 2.4706395007534603,
    "max_drawdown": -0.06903681296315567,
    "calmar": 1.552921984357837
  },
  "muy_arriesgado": {
    "valor_final": 1447.8760557055489,
    "retorno_total": 0.4339769126893742,
    "cagr": 0.1276666060428433,
    "volatilidad_anual": 0.13482325746507304,
    "sharpe": 0.6197370315994056,
    "sortino": 1.8032933576311092,
    "max_drawdown": -0.1221482901722788,
    "calmar": 1.045177184738169
  }
}