{
  "muy_conservador": {
    "valor_final": 1147.1392139435172,
    "retorno_total": 0.14765790131528078,
    "cagr": 0.035030416832524836,
    "volatilidad_anual": 0.01577645982162259,
    "sharpe": -0.3156868825169524,
    "sortino": 0.9992330077055197,
    "max_drawdown": -0.03227974010267243,
    "calmar": 1.0852137198472884
  },
  "conservador": {
    "valor_final": 1187.5694303057237,
    "retorno_total": 0.18798493856198206,
    "cagr": 0.04400537270930882,
    "volatilidad_anual": 0.008289477699322848,
    "sharpe": 0.4688731765140307,
    "sortino": 7.6964745733495965,
    "max_drawdown": -0.006822374169043188,
    "calmar": 6.450155271310838
  },
  "normal": {
    "valor_final": 900.0303971210227,
    "retorno_total": -0.09936306131674733,
    "cagr": -0.025823971327994855,
    "volatilidad_anual": 0.12313595900682617,
    "sharpe": -0.471994136894854,
    "sortino": -0.18106992253959728,
    "max_drawdown": -0.21286266400365672,
    "calmar": -0.12131752390147306
  },
  "arriesgado": {
    "valor_final": 1295.1895634346179,
    "retorno_total": 0.303919003198623,
    "cagr": 0.06859380889620947,
    "volatilidad_anual": 0.09759132252963243,
    "sharpe": 0.32567750344039403,
    "sortino": 1.260120606617721,
    "max_drawdown": -0.15328660056675525,
    "calmar": 0.4474873122803539
  },
  "muy_arriesgado": {
    "valor_final": 1088.9818287701958,
    "retorno_total": 0.13325355310244835,
    "cagr": 0.03176733033490242,
    "volatilidad_anual": 0.1653233770288779,
    "sharpe": 0.033463394098088295,
    "sortino": 0.4280629890185623,
    "max_drawdown": -0.3220765685073287,
    "calmar": 0.0986328514431486
  }
}